category,appointments,no_shows,no_show_rate,predicted_no_show_rate,median_wait_days,avg_age,factor_key,factor,show_rate,risk_lift,difference_pp,expected_no_shows_at_average,excess_no_shows,order_key,display_rank
Same day,38562,1792,0.046470618743841084,0.04638841816629805,0.0,34.45231056480473,wait_bucket,Lead time,0.9535293812561589,-0.769831529345341,-0.1554276630306633,7785.601541788438,-5993.601541788438,0.0,1
1 day,5213,1113,0.21350469978898906,0.21635330332650116,1.0,39.92633800115097,wait_bucket,Lead time,0.7864953002110109,0.057486462551710193,0.01160641801448467,1052.4957428904913,60.50425710950867,1.0,2
2-3 days,9462,2246,0.23737053477066158,0.23934505801536995,2.0,43.96121327414923,wait_bucket,Lead time,0.7626294652293384,0.17569368438595911,0.035472252996157194,1910.3615421503605,335.6384578496395,2.0,3
4-7 days,17510,4413,0.25202741290691033,0.25349229036122867,6.0,39.81245002855511,wait_bucket,Lead time,0.7479725870930897,0.2482890428378881,0.05012913113240594,3535.238913871572,877.7610861284279,3.0,4
8-14 days,12025,3664,0.3046985446985447,0.3079933758029208,11.0,35.47950103950104,wait_bucket,Lead time,0.6953014553014554,0.5091685873724054,0.10280026292404029,2427.826838338415,1236.1731616615848,4.0,5
15-30 days,17371,5661,0.32588797420989,0.3229425341489158,21.0,36.08347245409015,wait_bucket,Lead time,0.67411202579011,0.6141196019383013,0.12398969243538563,3507.1750527049157,2153.8249472950843,5.0,6
31+ days,10378,3425,0.33002505299672386,0.327607867845816,40.0,38.15243784929659,wait_bucket,Lead time,0.6699749470032761,0.6346105083020039,0.12812677122221947,2095.3003682558065,1329.6996317441935,6.0,7
0-12 child,21035,4306,0.20470644164487758,0.20470976690722648,3.0,4.9691466603280245,age_group,Age group,0.7952935583551224,0.013908785382876987,0.0028081598703731947,4246.9303571267,59.06964287329993,0.0,1
13-17 teen,6343,1690,0.26643544064322877,0.26867150979565896,3.0,15.172788901150875,age_group,Age group,0.7335645593567712,0.3196518479577972,0.06453715886872438,1280.6408012956813,409.3591987043187,1.0,2
18-29 young adult,16729,4122,0.2463984697232351,0.24756555512381462,4.0,23.401697650786062,age_group,Age group,0.7536015302767649,0.22040894829621172,0.0445001879487307,3377.556355805684,744.4436441943162,2.0,3
30-44 adult,22021,4805,0.21820080831933156,0.2186086652067592,4.0,36.87770764270469,age_group,Age group,0.7817991916806685,0.08074623717221674,0.016302526544827167,4446.002062956361,358.99793704363856,3.0,4
45-59 midlife,23221,4150,0.17871754015761596,0.17828700518487572,4.0,52.10667068601697,age_group,Age group,0.821282459842384,-0.11481396182845416,-0.023180741616888434,4688.280001085766,-538.2800010857663,4.0,5
60-74 senior,15237,2291,0.15035768195839075,0.14896999778577077,4.0,65.81170834153704,age_group,Age group,0.8496423180416093,-0.2552800319206192,-0.05154059981611364,3076.3241193981235,-785.3241193981235,5.0,6
75+ older adult,5935,950,0.16006739679865206,0.1613757584835211,4.0,81.22594776748105,age_group,Age group,0.8399326032013479,-0.20718791962069438,-0.04183088497585233,1198.2663023316836,-248.26630233168362,6.0,7
Monday,22713,4689,0.2064456478668604,0.20532306114969037,4.0,36.82749966979263,appointment_weekday,Appointment weekday,0.7935543521331396,0.022523054938302423,0.004547366092356009,4585.715673944318,103.28432605568196,0.0,1
Tuesday,25638,5150,0.20087370309696545,0.20032030576981816,4.0,37.26125282783369,appointment_weekday,Appointment weekday,0.7991262969030346,-0.00507472707808021,-0.0010245786775389398,5176.268148134744,-26.26814813474357,1.0,2
Wednesday,25866,5092,0.19686074383360397,0.19592631972008664,2.0,37.050722956777236,appointment_weekday,Appointment weekday,0.803139256166396,-0.024950870788126522,-0.005037537940900422,5222.30095637933,-130.30095637933027,2.0,3
Thursday,17246,3337,0.19349414356952338,0.19498079753128622,2.0,37.23767830221501,appointment_weekday,Appointment weekday,0.8065058564304766,-0.041625605384633224,-0.00840413820498101,3481.9377674831026,-144.93776748310256,3.0,4
Friday,19019,4037,0.21226142278773857,0.21531377007464456,2.0,37.054734738945264,appointment_weekday,Appointment weekday,0.7877385772122614,0.05132852504811569,0.010363141013234184,3839.903421069299,197.09657893070107,4.0,5
Saturday,39,9,0.23076923076923078,0.21913209224860664,3.0,53.58974358974359,appointment_weekday,Appointment weekday,0.7692307692307692,0.1429974972593957,0.028870948994726392,7.874032989205671,1.1259670107943291,5.0,6
Monday,23084,4561,0.19758274129267026,0.1974789740003366,2.0,36.918038468203086,scheduled_weekday,Scheduled weekday,0.8024172587073297,-0.021374825203584802,-0.004315540481834135,4660.619936482659,-99.61993648265889,0.0,1
Tuesday,26167,5290,0.20216302977032138,0.20238472997833518,3.0,37.176787556846406,scheduled_weekday,Scheduled weekday,0.7978369702296786,0.0013112939520341094,0.00026474799581699404,5283.072339193456,6.927660806543827,1.0,2
Wednesday,24259,4876,0.20099756791293952,0.20105994476331876,5.0,36.3175316377427,scheduled_weekday,Scheduled weekday,0.7990024320870605,-0.004461225987900441,-0.0009007138615648724,4897.850417567702,-21.850417567701697,2.0,3
Thursday,18072,3699,0.20468127490039842,0.2034126822398664,4.0,37.440903054448874,scheduled_weekday,Scheduled weekday,0.7953187250996016,0.013784134770410184,0.002782993125894029,3648.7057482288433,50.29425177115672,3.0,4
Friday,18915,3887,0.20549828178694157,0.20725777421867655,4.0,37.829711868887124,scheduled_weekday,Scheduled weekday,0.7945017182130585,0.01783076101884773,0.0036000000124371823,3818.9059997647505,68.0940002352495,4.0,5
Saturday,24,1,0.041666666666666664,0.21285808357711053,3.0,38.625,scheduled_weekday,Scheduled weekday,0.9583333333333334,-0.7936254518837202,-0.16023161510783773,4.845558762588105,-3.845558762588105,5.0,6
F,71836,14591,0.2031154295896208,0.20386555315773022,4.0,38.8944679547859,gender,Gender,0.7968845704103792,0.006028519928048759,0.0012171478151164206,14503.564969553297,87.43503044670251,,1
M,38685,7723,0.19963810262375598,0.1987461955624271,3.0,33.737443453534965,gender,Gender,0.8003618973762441,-0.011194642821541034,-0.002260179150748415,7810.4350304467025,-87.43503044670251,,2
SMS received,35482,9784,0.27574544839637,0.2767260727992716,14.0,37.513809819063184,sms_received_label,SMS reminder,0.7242545516036301,0.36576421539012327,0.0738471666218656,7163.754833922965,2620.245166077035,,1
No SMS,75039,12530,0.16697983715134795,0.16677444977821462,0.0,36.88869787710391,sms_received_label,SMS reminder,0.833020162848652,-0.17295067752065396,-0.034918444623156436,15150.245166077035,-2620.245166077035,,2
Scholarship: yes,10861,2578,0.2373630420771568,0.23987637363281183,4.0,30.616241598379524,scholarship_label,Scholarship / welfare,0.7626369579228431,0.17565657315628957,0.035464760302652415,2192.817238352892,385.1827616471078,,1
Scholarship: no,99660,19736,0.19803331326510135,0.19795389482184655,4.0,37.79483243026289,scholarship_label,Scholarship / welfare,0.8019666867348987,-0.01914314711068088,-0.003864968509403044,20121.18276164711,-385.18276164710915,,2
0 conditions,84111,17600,0.20924730415760126,0.20940624861624652,4.0,30.515223930282602,condition_count_bucket,Condition count,0.7907526958423987,0.036399628161793096,0.00734902238309687,16981.86637833534,618.1336216646596,0.0,1
1 condition,18121,3247,0.1791843717234148,0.1797458633678905,4.0,56.13735445063738,condition_count_bucket,Condition count,0.8208156282765852,-0.11250175014593855,-0.02271391005108958,3658.598764035794,-411.5987640357939,1.0,2
2 conditions,7658,1368,0.17863671977017498,0.1749737037823481,3.0,62.0108383389919,condition_count_bucket,Condition count,0.821363280229825,-0.11521426433093529,-0.02326156200432941,1546.1370418291547,-178.13704182915467,2.0,3
3+ conditions,631,99,0.15689381933438987,0.19475445476279257,3.0,63.93977812995246,condition_count_bucket,Condition count,0.8431061806656102,-0.22290661438307324,-0.04500446244011452,127.39781579971228,-28.397815799712276,3.0,4
No hypertension,88720,18542,0.2089945897204689,0.2087764084379161,4.0,31.308825518485122,hypertension_label,Hypertension,0.7910054102795311,0.03514793629541724,0.007096307945964497,17912.41555903403,629.5844409659694,,1
Hypertension,21801,3772,0.17301958625751113,0.17479654581713155,4.0,60.61359570661896,hypertension_label,Hypertension,0.8269804137424889,-0.1430358657001709,-0.028878695516993264,4401.58444096597,-629.5844409659703,,2
No diabetes,102578,20884,0.20359141336348924,0.20390514662088266,4.0,35.209050673633726,diabetes_label,Diabetes,0.7964085866365107,0.008386062397875538,0.0016931315889848475,20710.32194786511,173.67805213488828,,1
Diabetes,7943,1430,0.18003273322422259,0.17842129194187337,3.0,61.37252927105627,diabetes_label,Diabetes,0.8199672667757774,-0.10829982483309564,-0.021865548550281805,1603.6780521348883,-173.67805213488828,,2
No alcoholism,107161,21637,0.20191114304644414,0.20206276008401483,4.0,36.69731525461688,alcoholism_label,Alcoholism,0.7980888569535558,6.370174043435206e-05,1.2861271939751395e-05,21635.621773237664,1.3782267623355438,,1
Alcoholism,3360,677,0.20148809523809524,0.20242113649050153,1.0,49.59375,alcoholism_label,Alcoholism,0.7985119047619047,-0.0020316494662756535,-0.00041018653640914615,678.3782267623347,-1.378226762334748,,2
No disability flag,108282,21909,0.20233279769490775,0.2025572352009494,4.0,36.810818049167914,handicap_label,Disability flag,0.7976672023050922,0.0021521526413417202,0.00043451592040336107,21861.949747106883,47.05025289311743,,1
Disability flag,2239,405,0.18088432335864224,0.17868687357838137,2.0,50.561411344350155,handicap_label,Disability flag,0.8191156766413578,-0.10408190813298834,-0.02101395841586215,452.0502528931153,-47.05025289311533,,2
Early,1577,302,0.19150285351934052,0.1878591440418484,2.0,46.18008877615726,scheduled_hour_bucket,Scheduling hour,0.8084971464806595,-0.05148844340723158,-0.010395428255163874,318.3935903583934,-16.393590358393396,0.0,1
Morning,58439,10680,0.18275466725987782,0.18394069686399245,3.0,36.52483786512432,scheduled_hour_bucket,Scheduling hour,0.8172453327401221,-0.09481811507443949,-0.019143614514626567,11798.733688620263,-1118.733688620263,1.0,2
Midday,32044,6990,0.218137560853826,0.214829121633521,4.0,36.717607040319564,scheduled_hour_bucket,Scheduling hour,0.781862439146174,0.08043297316149967,0.0162392790793216,6469.628541182219,520.3714588177809,2.0,3
Afternoon,16530,3912,0.2366606170598911,0.23728604218918728,5.0,38.24095583787054,scheduled_hour_bucket,Scheduling hour,0.763339382940109,0.17217746966371905,0.03476233528538672,3337.3785977325574,574.6214022674426,3.0,4
Evening,1931,430,0.2226825479026411,0.24935036083404394,6.0,43.06214396685655,scheduled_hour_bucket,Scheduling hour,0.7773174520973589,0.10294424472294517,0.02078426612813672,389.86558210656796,40.134417893432044,4.0,5
JARDIM CAMBURI,7717,1465,0.18984061163664637,0.19141056479684312,4.0,43.73150187896851,neighbourhood,Neighborhood,0.8101593883633537,-0.05972150942485466,-0.012057670137858023,1558.0490404538505,-93.04904045385047,,1
MARIA ORTIZ,5805,1219,0.20999138673557277,0.20807169329648437,5.0,35.27579672695952,neighbourhood,Neighborhood,0.7900086132644273,0.040085061100754604,0.008093104961068381,1172.019525700998,46.980474299002026,,2
RESISTÊNCIA,4430,905,0.20428893905191872,0.20210553899957637,4.0,32.91805869074492,neighbourhood,Neighborhood,0.7957110609480813,0.011840899567854724,0.002390657277414332,894.4093882610545,10.59061173894554,,3
JARDIM DA PENHA,3877,631,0.16275470724787205,0.15595286977683798,5.0,44.98658756770699,neighbourhood,Neighborhood,0.8372452927521279,-0.19387770011015204,-0.039143574526632335,782.7596384397535,-151.75963843975353,,4
ITARARÉ,3514,923,0.2626636311895276,0.2659712983218924,5.0,35.82669322709163,neighbourhood,Neighborhood,0.7373363688104724,0.3009701166396783,0.060765349415023234,709.4705621556084,213.52943784439162,,5
CENTRO,3334,703,0.21085782843431314,0.21421975873969348,5.0,42.57798440311937,neighbourhood,Neighborhood,0.7891421715656869,0.044376537437874175,0.008959546659808748,673.1288714361976,29.87112856380236,,6
TABUAZEIRO,3131,572,0.18268923666560205,0.18251831370081165,4.0,34.974449057809004,neighbourhood,Neighborhood,0.8173107633343979,-0.0951421920982789,-0.01920904510890234,632.1435202359733,-60.143520235973256,,7
SANTA MARTHA,3131,496,0.15841584158415842,0.1541284325424721,1.0,36.76493133184286,neighbourhood,Neighborhood,0.8415841584158416,-0.21536805468661946,-0.04348244019034597,632.1435202359733,-136.14352023597326,,8
JESUS DE NAZARETH,2853,696,0.24395373291272346,0.2466066336644172,3.0,29.97932001402033,neighbourhood,Neighborhood,0.7560462670872765,0.20830019338742978,0.04205545113821907,576.015797902661,119.984202097339,,9
BONFIM,2773,550,0.1983411467724486,0.19667883179068726,3.0,35.17922827262892,neighbourhood,Neighborhood,0.8016588532275514,-0.01761845108730875,-0.003557135002055789,559.8639353607007,-9.86393536070068,,10
SANTO ANTÔNIO,2744,482,0.17565597667638483,0.17083490010087304,2.0,37.66618075801749,neighbourhood,Neighborhood,0.8243440233236152,-0.12997785254769523,-0.02624230509811956,554.00888518924,-72.00888518924,,11
SANTO ANDRÉ,2571,508,0.19758848697005058,0.2035533277297722,4.0,32.59471022948269,neighbourhood,Neighborhood,0.8024115130299494,-0.021346366925833138,-0.004309794804453815,519.0804824422507,-11.08048244225074,,12
CARATOÍRA,2565,591,0.2304093567251462,0.22976708821748107,3.0,37.02066276803119,neighbourhood,Neighborhood,0.7695906432748538,0.14121504502195403,0.028511074950641813,517.8690927516037,73.13090724839628,,13
JABOUR,2509,451,0.17975288959744917,0.17623047881870604,6.0,36.440813072937424,neighbourhood,Neighborhood,0.8202471104025508,-0.1096858872815416,-0.022145392177055218,506.5627889722315,-55.56278897223149,,14
SÃO PEDRO,2448,515,0.21037581699346405,0.2215787277537754,3.0,36.03880718954248,neighbourhood,Neighborhood,0.7896241830065359,0.041989139998863445,0.008477535218959664,494.24699378398674,20.75300621601326,,15
ILHA DO PRÍNCIPE,2266,532,0.23477493380406,0.23455293560693574,6.0,35.70388349514563,neighbourhood,Neighborhood,0.76522506619594,0.16283770094821715,0.032876652029555614,457.50150650102694,74.49849349897306,,16
NOVA PALESTINA,2264,402,0.1775618374558304,0.18348289073717247,1.0,34.35556537102474,neighbourhood,Neighborhood,0.8224381625441696,-0.12053814477656033,-0.02433644431867399,457.09770993747793,-55.09770993747793,,17
ANDORINHAS,2262,521,0.23032714412024757,0.24177970514806194,5.0,36.10610079575597,neighbourhood,Neighborhood,0.7696728558797524,0.14080784688150416,0.028428862345743183,456.6939133739289,64.30608662607108,,18
DA PENHA,2217,429,0.19350473612990526,0.19608827120512995,2.0,36.17546233649075,neighbourhood,Neighborhood,0.8064952638700947,-0.04157314054794026,-0.008393545644599126,447.60849069407624,-18.608490694076238,,19
ROMÃO,2214,474,0.2140921409214092,0.22161421532407025,4.0,34.374887082204154,neighbourhood,Neighborhood,0.7859078590785908,0.060396052109665144,0.012193859146904823,447.0027958487527,26.997204151247274,,20
GURIGICA,2018,456,0.2259663032705649,0.22298405009150082,2.0,30.13577799801784,neighbourhood,Neighborhood,0.7740336967294351,0.11920864944725751,0.02406802149606052,407.43073262094987,48.56926737905013,,21
SÃO JOSÉ,1977,428,0.21648963075366717,0.22164398479033062,4.0,33.61355589276682,neighbourhood,Neighborhood,0.7835103692463328,0.07227079324755992,0.014591348979162783,399.1529030681952,28.8470969318048,,22
BELA VISTA,1907,384,0.20136339800734138,0.1966662702638557,2.0,34.96906135291033,neighbourhood,Neighborhood,0.7986366019926586,-0.002649273497832061,-0.0005348837671630136,385.02002334397986,-1.020023343979858,,23
MARUÍPE,1902,424,0.22292323869610936,0.22129953756258908,6.0,42.58727655099895,neighbourhood,Neighborhood,0.7770767613038907,0.10413638361265143,0.02102495692160497,384.01053193510734,39.98946806489266,,24
FORTE SÃO JOÃO,1889,346,0.18316569613552144,0.1894834485082988,3.0,33.12969825304394,neighbourhood,Neighborhood,0.8168343038644785,-0.09278229351107081,-0.018732585638982946,381.3858542720388,-35.385854272038785,,25
ILHA DE SANTA MARIA,1885,361,0.19151193633952254,0.19104580938368876,6.0,35.94111405835544,neighbourhood,Neighborhood,0.8084880636604774,-0.05144345629737512,-0.010386345434981847,380.57826114494077,-19.578261144940768,,26
SÃO CRISTÓVÃO,1836,363,0.1977124183006536,0.20073515139137293,5.0,39.197712418300654,neighbourhood,Neighborhood,0.8022875816993464,-0.020732536389417633,-0.004185863473850804,370.68524533799007,-7.685245337990068,,27
REDENÇÃO,1553,275,0.17707662588538314,0.1703838357082493,3.0,33.65164198325821,neighbourhood,Neighborhood,0.8229233741146169,-0.12294139242276458,-0.024821655889121247,313.5480315958053,-38.5480315958053,,28
SÃO BENEDITO,1439,287,0.19944405837387075,0.19924162120998995,2.0,28.74913134120917,neighbourhood,Neighborhood,0.8005559416261292,-0.012155741886772042,-0.0024542234006336427,290.53162747351183,-3.5316274735118327,,29
JOANA D´ARC,1427,258,0.1807988787666433,0.17701782596947555,3.0,36.4239663629993,neighbourhood,Neighborhood,0.8192011212333568,-0.10450511427049458,-0.02109940300786109,288.1088480922178,-30.108848092217784,,30
CRUZAMENTO,1398,304,0.21745350500715308,0.21183034653901786,5.0,34.723175965665234,neighbourhood,Neighborhood,0.7825464949928469,0.07704485197165756,0.015555223232648685,282.25379792075717,21.746202079242835,,31
CONSOLAÇÃO,1375,236,0.17163636363636364,0.17183176961081917,2.0,35.85309090909091,neighbourhood,Neighborhood,0.8283636363636364,-0.1498869523413755,-0.030261918138140748,277.6101374399435,-41.610137439943514,,32
SANTA TEREZA,1332,272,0.2042042042042042,0.203398355597913,5.0,36.222972972972975,neighbourhood,Neighborhood,0.7957957957957957,0.011421208786091874,0.0023059224296998193,268.92851132363984,3.071488676360161,,33
PRAIA DO SUÁ,1288,294,0.22826086956521738,0.2308419989130939,5.0,35.483695652173914,neighbourhood,Neighborhood,0.7717391304347826,0.13057361141961943,0.026362587790712988,260.04498692556166,33.95501307443834,,34
SANTOS DUMONT,1276,369,0.2891849529780564,0.2847012917759884,5.0,37.744514106583075,neighbourhood,Neighborhood,0.7108150470219436,0.43232993582897605,0.08728667120355202,257.6222075442676,111.37779245573239,,35
ILHA DAS CAIEIRAS,1071,235,0.21942110177404295,0.22316039799105641,4.0,33.65266106442577,neighbourhood,Neighborhood,0.780578898225957,0.08679033741906439,0.017522819999538558,216.23305978049422,18.766940219505784,,36
GRANDE VITÓRIA,1071,217,0.20261437908496732,0.19578221499995857,3.0,37.49486461251167,neighbourhood,Neighborhood,0.7973856209150327,0.003546822212497691,0.000716097310462932,216.23305978049422,0.7669402195057842,,37
INHANGUETÁ,1057,202,0.19110690633869443,0.1928919035645519,4.0,34.49006622516556,neighbourhood,Neighborhood,0.8088930936613056,-0.05344956549884172,-0.010791375435809963,213.40648383565113,-11.40648383565113,,38
PRAIA DO CANTO,1035,190,0.18357487922705315,0.18506707705336162,4.0,50.94106280193237,neighbourhood,Neighborhood,0.8164251207729468,-0.09075561409639055,-0.01832340254745124,208.96472163661204,-18.96472163661204,,39
BENTO FERREIRA,858,193,0.22494172494172493,0.2262190980712977,7.0,44.613053613053616,neighbourhood,Neighborhood,0.7750582750582751,0.11413392409627954,0.02304344316722054,173.22872576252476,19.77127423747524,,40
VILA RUBIM,851,141,0.16568742655699178,0.16510098397301667,6.0,44.413631022326676,neighbourhood,Neighborhood,0.8343125734430082,-0.17935197317803664,-0.036210855217512605,171.81543779010323,-30.815437790103232,,41
CONQUISTA,849,160,0.18845700824499412,0.18478926288441774,2.0,31.879858657243815,neighbourhood,Neighborhood,0.8115429917550059,-0.0665744820182399,-0.013441273529510273,171.41164122655422,-11.411641226554224,,42
DO QUADRO,849,140,0.16489988221436985,0.16041328525398302,4.0,40.31566548881037,neighbourhood,Neighborhood,0.8351001177856301,-0.18325267176595994,-0.03699839956013454,171.41164122655422,-31.411641226554224,,43
REPÚBLICA,835,143,0.17125748502994012,0.17624950771499537,4.0,41.17005988023952,neighbourhood,Neighborhood,0.8287425149700599,-0.15176353396997344,-0.03064079674456427,168.58506528171117,-25.585065281711167,,44
MONTE BELO,824,166,0.20145631067961164,0.19250753508172463,7.0,36.1626213592233,neighbourhood,Neighborhood,0.7985436893203883,-0.002189078039734782,-0.0004419710948927458,166.36418418219162,-0.36418418219162163,,45
PARQUE MOSCOSO,802,179,0.2231920199501247,0.23578179914718617,5.0,47.48628428927681,neighbourhood,Neighborhood,0.7768079800498753,0.10546765424880045,0.021293738175620303,161.92242198315253,17.07757801684747,,46
GOIABEIRAS,700,137,0.1957142857142857,0.20657964106164334,4.0,39.60285714285714,neighbourhood,Neighborhood,0.8042857142857143,-0.030629265419531704,-0.006183996060218688,141.3287972421531,-4.328797242153087,,47
JUCUTUQUARA,694,133,0.19164265129682997,0.15828758678398946,6.0,40.99135446685879,neighbourhood,Neighborhood,0.80835734870317,-0.050796026531462535,-0.010255630477674416,140.11740755150603,-7.117407551506034,,48
FONTE GRANDE,682,149,0.218475073313783,0.20186918253048128,5.0,38.23753665689149,neighbourhood,Neighborhood,0.781524926686217,0.08210466871527333,0.0165767915392786,137.69462817021198,11.305371829788015,,49
MATA DA PRAIA,644,110,0.17080745341614906,0.16057468416924786,5.0,41.61490683229814,neighbourhood,Neighborhood,0.829192546583851,-0.15399253567239357,-0.031090828358355332,130.02249346278083,-20.02249346278083,,50
DO CABRAL,560,88,0.15714285714285714,0.15511719896258,4.0,34.614285714285714,neighbourhood,Neighborhood,0.8428571428571429,-0.22167313281860201,-0.04475542463164725,113.06303779372246,-25.063037793722458,,51
SANTOS REIS,547,112,0.20475319926873858,0.18806407106030065,4.0,31.053016453382085,neighbourhood,Neighborhood,0.7952468007312614,0.014140375386764159,0.0028549174942341937,110.4383601306539,1.561639869346095,,52
ESTRELINHA,538,106,0.1970260223048327,0.1979367679202139,2.0,37.77137546468401,neighbourhood,Neighborhood,0.8029739776951673,-0.024132248312610183,-0.00487225946967168,108.62127559468337,-2.621275594683368,,53
SANTA CLARA,506,134,0.2648221343873518,0.2602524480387571,6.0,37.58102766798419,neighbourhood,Neighborhood,0.7351778656126482,0.3116611595690826,0.06292385261284741,102.16053057789922,31.839469422100777,,54
SOLON BORGES,469,69,0.14712153518123666,0.1585213050146695,7.0,44.81663113006397,neighbourhood,Neighborhood,0.8528784648187633,-0.27130863181117426,-0.05477674659326773,94.69029415224256,-25.690294152242558,,55
PIEDADE,452,88,0.19469026548672566,0.20347522428427262,3.5,31.787610619469028,neighbourhood,Neighborhood,0.8053097345132744,-0.03570122650092289,-0.007208016287778729,91.25802336207599,-3.2580233620759884,,56
SANTA CECÍLIA,448,123,0.27455357142857145,0.27614939662370547,10.5,40.904017857142854,neighbourhood,Neighborhood,0.7254464285714286,0.35986086169477205,0.07265528965406706,90.45043023497797,32.54956976502203,,57
SANTA LÚCIA,438,86,0.1963470319634703,0.20307825327381387,6.0,45.50684931506849,neighbourhood,Neighborhood,0.8036529680365296,-0.027495280109585796,-0.005551249811034081,88.43144741723292,-2.431447417232917,,58
SANTA LUÍZA,428,77,0.17990654205607476,0.189331950863466,7.0,39.953271028037385,neighbourhood,Neighborhood,0.8200934579439252,-0.1089248483203622,-0.02199173971842963,86.41246459948788,-9.412464599487876,,59
BARRO VERMELHO,423,91,0.21513002364066194,0.2055710688072746,4.0,45.040189125295505,neighbourhood,Neighborhood,0.7848699763593381,0.06553667396206864,0.013231741866157554,85.40297319061536,5.597026809384644,,60
DO MOSCOSO,413,92,0.22276029055690072,0.21153805137344056,4.0,33.728813559322035,neighbourhood,Neighborhood,0.7772397094430993,0.10332930324635758,0.02086200878239633,83.38399037287031,8.616009627129685,,61
MÁRIO CYPRESTE,371,54,0.14555256064690028,0.1468037967069691,0.0,36.8733153638814,neighbourhood,Neighborhood,0.8544474393530997,-0.27907974566388516,-0.05634572112760411,74.90426253834113,-20.90426253834113,,62
BOA VISTA,312,58,0.1858974358974359,0.19196926239694273,4.0,31.243589743589745,neighbourhood,Neighborhood,0.8141025641025641,-0.07925201609659793,-0.016000845877068487,62.99226391364537,-4.992263913645367,,63
COMDUSA,310,56,0.18064516129032257,0.20871974934570783,4.0,36.23548387096774,neighbourhood,Neighborhood,0.8193548387096774,-0.10526647526361288,-0.02125312048418182,62.58846735009636,-6.588467350096359,,64
DE LOURDES,305,47,0.1540983606557377,0.15863254691974743,6.0,44.954098360655735,neighbourhood,Neighborhood,0.8459016393442623,-0.23675249090110306,-0.047799921118766686,61.57897594122384,-14.578975941223838,,65
ARIOVALDO FAVALESSA,282,62,0.2198581560283688,0.225161971546852,2.0,32.847517730496456,neighbourhood,Neighborhood,0.7801418439716312,0.08895506240079554,0.017959874253864416,56.93531546041024,5.064684539589763,,66
ANTÔNIO HONÓRIO,271,50,0.18450184501845018,0.19502292403784033,9.0,36.845018450184504,neighbourhood,Neighborhood,0.8154981549815499,-0.08616436258473903,-0.017396436756054207,54.71443436089069,-4.714434360890692,,67
FRADINHOS,258,48,0.18604651162790697,0.19472180384106094,7.0,45.701550387596896,neighbourhood,Neighborhood,0.813953488372093,-0.07851364562033225,-0.015851770146597416,52.08975669782213,-4.089756697822132,,68
ENSEADA DO SUÁ,235,52,0.22127659574468084,0.21539446917827967,5.0,38.17872340425532,neighbourhood,Neighborhood,0.7787234042553192,0.0959805789324133,0.019378313970176447,47.44609621700853,4.553903782991469,,69
SANTA HELENA,178,37,0.20786516853932585,0.2005410755643484,6.0,38.657303370786515,neighbourhood,Neighborhood,0.7921348314606742,0.029553925434024908,0.005966886764821461,35.937894155861784,1.062105844138216,,70
HORTO,175,42,0.24,0.20467003700599715,4.0,34.8,neighbourhood,Neighborhood,0.76,0.18871739714977132,0.0381017182254956,35.33219931053827,6.667800689461728,,71
UNIVERSITÁRIO,152,32,0.21052631578947367,0.2148132825318101,4.0,42.03947368421053,neighbourhood,Neighborhood,0.7894736842105263,0.04273455890330835,0.008628034014969282,30.688538829724667,1.311461170275333,,72
SEGURANÇA DO LAR,145,28,0.19310344827586207,0.20646642756212535,8.0,34.648275862068964,neighbourhood,Neighborhood,0.806896551724138,-0.04356071493696545,-0.008794833498642324,29.275250857303135,-1.275250857303135,,73
NAZARETH,135,29,0.21481481481481482,0.21596751204632347,7.0,36.01481481481481,neighbourhood,Neighborhood,0.7851851851851852,0.0639754480661534,0.01291653304031043,27.256268039558094,1.743731960441906,,74
MORADA DE CAMBURI,96,16,0.16666666666666666,0.18871598547856305,4.0,40.958333333333336,neighbourhood,Neighborhood,0.8333333333333334,-0.17450180753488098,-0.03523161510783773,19.38223505035242,-3.3822350503524206,,75
PONTAL DE CAMBURI,69,12,0.17391304347826086,0.18568753519343548,4.0,32.028985507246375,neighbourhood,Neighborhood,0.8260869565217391,-0.13861058177552799,-0.027985238296243525,13.930981442440803,-1.9309814424408032,,76
ILHA DO BOI,35,3,0.08571428571428572,0.14794004262373697,2.0,48.628571428571426,neighbourhood,Neighborhood,0.9142857142857143,-0.5754580724465101,-0.11618399606021867,7.066439862107654,-4.066439862107654,,77
ILHA DO FRADE,10,2,0.2,0.22947814496915137,7.0,35.4,neighbourhood,Neighborhood,0.8,-0.009402169041857089,-0.001898281774504379,2.018982817745044,-0.018982817745043956,,78
AEROPORTO,8,1,0.125,0.1673809109298976,4.5,53.125,neighbourhood,Neighborhood,0.875,-0.38087635565116074,-0.07689828177450439,1.6151862541960351,-0.6151862541960351,,79
ILHAS OCEÂNICAS DE TRINDADE,2,2,1.0,0.3074627510450254,29.0,54.5,neighbourhood,Neighborhood,0.0,3.952989154790714,0.7981017182254956,0.4037965635490088,1.5962034364509912,,80
PARQUE INDUSTRIAL,1,0,0.0,0.059464965340082596,0.0,17.0,neighbourhood,Neighborhood,1.0,-1.0,-0.2018982817745044,0.2018982817745044,-0.2018982817745044,,81
